month,trades,net_pnl,mean_pnl,win_rate
2024-10,22,6453.350138254499,293.3340971933863,0.5909090909090909
2024-11,18,3513.465080140998,195.19250445227766,0.6111111111111112
2024-12,17,-73672.98666092748,-4333.705097701616,0.4117647058823529
2025-01,23,4908.370710996497,213.407422217239,0.6086956521739131
2025-02,20,13748.806312965,687.44031564825,0.65
2025-03,19,-22229.5691267955,-1169.9773224629212,0.3684210526315789
2025-04,19,-30454.8484251335,-1602.8867592175527,0.47368421052631576
2025-05,21,708.2941155310023,33.72829121576201,0.6190476190476191
2025-06,21,-18979.150845595,-903.7690878854761,0.5238095238095238
2025-07,23,-1066.3098916400008,-46.36129963652178,0.4782608695652174
2025-08,19,14611.5825299075,769.0306594688158,0.7894736842105263
2025-09,22,-6278.0451180425,-285.36568718374997,0.5
2025-10,20,-4763.800891045001,-238.19004455225004,0.55
2025-11,19,-4675.949042620001,-246.10258119052637,0.47368421052631576
2025-12,18,4229.1910885206,234.95506047336664,0.5
