slippage_points,transaction_cost_multiplier,net_pnl,return_on_200k,return_on_250k
0.0,1.0,80003.21359844659,0.40001606799223294,0.32001285439378635
0.5,1.0,12733.213598446586,0.06366606799223293,0.05093285439378634
1.0,1.0,-54536.786401553414,-0.2726839320077671,-0.21814714560621365
2.0,1.0,-189076.78640155343,-0.9453839320077672,-0.7563071456062137
3.0,1.0,-323616.7864015534,-1.6180839320077671,-1.2944671456062138
1.0,0.0,-7476.60000000002,-0.037383000000000104,-0.029906400000000083
1.0,0.5,-31006.693200776717,-0.1550334660038836,-0.12402677280310687
1.0,1.0,-54536.786401553414,-0.2726839320077671,-0.21814714560621365
1.0,1.5,-78066.87960233011,-0.39033439801165054,-0.31226751840932043
1.0,2.0,-101596.97280310681,-0.507984864015534,-0.40638789121242724
