trade_date,status,exit_reason,adjustment_count,stop_hit,monitoring_gap_count,lot_size,initial_ce_strike,initial_pe_strike,gross_pnl_raw,gross_points_raw,slippage_cost,transaction_costs,net_pnl,net_points,net_return_on_2L,net_return_on_2_5L,order_count
2024-10-01,COMPLETED,TIME_EXIT,1,False,0,25,25850.0,25850.0,1479.75,59.19,150.0,90.68657227150001,1239.0634277285,49.56253710914,0.006195317138642501,0.004956253710914,6
2024-10-03,COMPLETED,TIME_EXIT,5,False,0,25,25600.0,25600.0,3474.0,138.96,350.0,231.01313142399997,2892.9868685760002,115.71947474304001,0.014464934342880001,0.011571947474304001,14
2024-10-04,COMPLETED,TIME_EXIT,3,False,0,25,25200.0,25200.0,-223.75,-8.95,250.0,203.30514691750002,-677.0551469175,-27.0822058767,-0.0033852757345875,-0.00270822058767,10
2024-10-07,COMPLETED,TIME_EXIT,2,False,0,25,25100.0,25100.0,-108.75,-4.35,200.0,142.7279540075,-451.4779540075,-18.0591181603,-0.0022573897700374997,-0.00180591181603,8
2024-10-08,COMPLETED,TIME_EXIT,1,False,0,25,24800.0,24800.0,823.0,32.92,150.0,102.951740548,570.048259452,22.80193037808,0.00285024129726,0.002280193037808,6
2024-10-09,COMPLETED,TIME_EXIT,3,False,0,25,25050.0,25050.0,965.25,38.61,250.0,173.61678028150004,541.6332197185,21.66532878874,0.0027081660985924997,0.0021665328788739997,10
2024-10-10,COMPLETED,TIME_EXIT,3,False,0,25,25050.0,25050.0,80.25,3.21,250.0,162.8206079765,-332.5706079765,-13.30282431906,-0.0016628530398825,-0.001330282431906,10
2024-10-11,COMPLETED,TIME_EXIT,0,False,0,25,24950.0,24950.0,1075.0,43.0,100.0,64.223041045,910.776958955,36.431078358200004,0.004553884794775,0.00364310783582,4
2024-10-14,COMPLETED,TIME_EXIT,0,False,0,25,25050.0,25050.0,447.5,17.9,100.0,61.318197025,286.181802975,11.447272118999999,0.0014309090148749998,0.0011447272118999998,4
2024-10-15,COMPLETED,TIME_EXIT,2,False,0,25,25200.0,25200.0,247.5,9.9,200.0,125.50750932,-78.00750932,-3.1203003728,-0.0003900375466,-0.00031203003728,8
2024-10-16,COMPLETED,TIME_EXIT,3,False,0,25,25050.0,25050.0,-50.25,-2.01,250.0,161.34714872150002,-461.59714872150005,-18.463885948860003,-0.0023079857436075,-0.0018463885948860003,10
2024-10-17,COMPLETED,TIME_EXIT,3,False,0,25,24900.0,24900.0,2120.0,84.8,250.0,151.45303744499998,1718.546962555,68.7418785022,0.008592734812775,0.00687418785022,10
2024-10-18,COMPLETED,TIME_EXIT,1,False,0,25,24650.0,24650.0,480.25,19.21,150.0,101.6959600465,228.5540399535,9.14216159814,0.0011427701997675,0.000914216159814,6
2024-10-21,COMPLETED,TIME_EXIT,3,False,0,25,24800.0,24800.0,-526.5,-21.06,250.0,177.791447814,-954.291447814,-38.17165791256,-0.00477145723907,-0.003817165791256,10
2024-10-22,COMPLETED,TIME_EXIT,3,False,0,25,24800.0,24800.0,551.25,22.05,250.0,165.56208641749998,135.68791358250002,5.4275165433,0.0006784395679125001,0.0005427516543300001,10
2024-10-23,COMPLETED,TIME_EXIT,1,False,0,25,24450.0,24450.0,1745.25,69.81,150.0,92.25356954650002,1502.9964304535,60.11985721814,0.0075149821522675,0.006011985721813999,6
2024-10-24,COMPLETED,TIME_EXIT,1,False,0,25,24400.0,24400.0,829.75,33.19,150.0,88.15668227649999,591.5933177235,23.663732708940003,0.0029579665886175,0.002366373270894,6
2024-10-25,COMPLETED,TIME_EXIT,2,False,0,25,24350.0,24350.0,-198.75,-7.95,200.0,142.23997285750002,-540.9899728575,-21.6395989143,-0.0027049498642875,-0.00216395989143,8
2024-10-28,COMPLETED,TIME_EXIT,1,False,0,25,24200.0,24200.0,-347.25,-13.89,150.0,100.6702203515,-597.9202203515,-23.91680881406,-0.0029896011017575,-0.002391680881406,6
2024-10-29,COMPLETED,TIME_EXIT,2,False,0,25,24250.0,24250.0,-1953.75,-78.15,200.0,136.8145255975,-2290.5645255975,-91.6225810239,-0.0114528226279875,-0.00916225810239,8
2024-10-30,COMPLETED,TIME_EXIT,1,False,0,25,24350.0,24350.0,916.25,36.65,150.0,94.26398883249999,671.9860111675,26.879440446700002,0.0033599300558375,0.00268794404467,6
2024-10-31,COMPLETED,TIME_EXIT,2,False,0,25,24250.0,24250.0,1871.25,74.85,200.0,123.48054102249999,1547.7694589775,61.91077835910001,0.007738847294887501,0.006191077835910001,8
2024-11-04,COMPLETED,TIME_EXIT,1,False,0,25,24050.0,24050.0,357.75,14.31,150.0,108.59851509149999,99.15148490850001,3.9660593963400004,0.0004957574245425,0.000396605939634,6
2024-11-05,COMPLETED,TIME_EXIT,2,False,0,25,24000.0,24000.0,-541.5,-21.66,200.0,147.41951055899997,-888.919510559,-35.55678042236,-0.004444597552795,-0.003555678042236,8
2024-11-06,COMPLETED,TIME_EXIT,2,False,0,25,24350.0,24350.0,-262.2500000000009,-10.490000000000036,200.0,134.1934414115,-596.4434414115009,-23.857737656460035,-0.0029822172070575045,-0.0023857737656460035,8
2024-11-07,COMPLETED,TIME_EXIT,2,False,0,25,24350.0,24350.0,1171.0,46.84,200.0,121.62762141899998,849.372378581,33.97489514324,0.004246861892905,0.003397489514324,8
2024-11-08,COMPLETED,TIME_EXIT,1,False,0,25,24200.0,24200.0,1316.25,52.65,150.0,101.1884364625,1065.0615635375,42.602462541499996,0.0053253078176875,0.00426024625415,6
2024-11-11,COMPLETED,TIME_EXIT,2,False,0,25,24150.0,24150.0,-162.5,-6.5,200.0,135.45344105,-497.95344105000004,-19.918137642,-0.00248976720525,-0.0019918137642,8
2024-11-12,COMPLETED,TIME_EXIT,3,False,0,25,24200.0,24200.0,344.0,13.76,250.00000000000034,167.24099949399996,-73.2409994940003,-2.929639979760012,-0.0003662049974700015,-0.00029296399797600124,10
2024-11-13,COMPLETED,TIME_EXIT,2,False,0,25,23800.0,23800.0,1476.0,59.04,200.0,128.550427164,1147.449572836,45.89798291344,0.00573724786418,0.004589798291344,8
2024-11-14,COMPLETED,TIME_EXIT,2,False,0,25,23600.0,23600.0,1831.0,73.24,200.0,119.637199439,1511.362800561,60.45451202244001,0.007556814002805,0.0060454512022440005,8
2024-11-18,COMPLETED,TIME_EXIT,2,False,0,25,23450.0,23450.0,559.0,22.36,200.0,137.228502249,221.771497751,8.87085991004,0.001108857488755,0.000887085991004,8
2024-11-19,COMPLETED,TIME_EXIT,2,False,0,25,23650.0,23650.0,351.5,14.06,200.0,127.284760484,24.215239515999997,0.9686095806399999,0.00012107619757999999,9.686095806399999e-05,8
2024-11-21,COMPLETED,TIME_EXIT,1,False,0,25,23300.0,23300.0,102.5,4.1,150.0,91.55061305500001,-139.050613055,-5.562024522200001,-0.0006952530652750001,-0.00055620245222,6
2024-11-22,COMPLETED,STOP_LOSS,1,True,0,25,23500.0,23500.0,-2553.75,-102.15,150.0,106.5821472275,-2810.3321472275,-112.41328588910001,-0.0140516607361375,-0.01124132858891,6
2024-11-25,COMPLETED,TIME_EXIT,1,False,0,25,24300.0,24300.0,1051.249999999999,42.04999999999996,150.0,100.6389661625,800.6110338374991,32.02444135349997,0.004003055169187496,0.0032024441353499964,6
2024-11-26,COMPLETED,TIME_EXIT,1,False,0,25,24300.0,24300.0,1102.5,44.1,150.0,96.12345963499999,856.376540365,34.2550616146,0.004281882701825,0.00342550616146,6
2024-11-27,COMPLETED,TIME_EXIT,1,False,0,25,24150.0,24150.0,-225.0,-9.0,150.0,92.66864296499999,-467.668642965,-18.7067457186,-0.002338343214825,-0.00187067457186,6
2024-11-28,COMPLETED,TIME_EXIT,4,False,0,25,24300.0,24300.0,2103.0,84.12,300.0,197.755798098,1605.244201902,64.20976807608,0.00802622100951,0.006420976807608,12
2024-11-29,COMPLETED,TIME_EXIT,0,False,0,25,24050.0,24050.0,973.75,38.95,100.0,67.2924378925,806.4575621075,32.2583024843,0.004032287810537501,0.0032258302484300004,4
2024-12-02,COMPLETED,TIME_EXIT,1,False,0,25,24100.0,24100.0,-1697.750000000001,-67.91000000000004,150.0,101.7925524515,-1949.5425524515008,-77.98170209806003,-0.009747712762257504,-0.007798170209806003,6
2024-12-03,COMPLETED,TIME_EXIT,0,False,0,25,24300.0,24300.0,225.0,9.0,100.0,65.134430155,59.865569844999996,2.3946227938,0.000299327849225,0.00023946227937999997,4
2024-12-04,COMPLETED,TIME_EXIT,3,False,0,25,24550.0,24550.0,-602.25,-24.09,250.0,183.93208134149998,-1036.1820813415,-41.44728325366,-0.0051809104067075,-0.004144728325366,10
2024-12-05,COMPLETED,STOP_LOSS,3,True,0,25,24500.0,24500.0,-2849.75,-113.99,250.0,183.2045245165,-3282.9545245165,-131.31818098066,-0.0164147726225825,-0.013131818098066,10
2024-12-06,COMPLETED,TIME_EXIT,0,False,0,25,24700.0,24700.0,2533.75,101.35,100.0,70.3665756275,2363.3834243725,94.5353369749,0.0118169171218625,0.00945353369749,4
2024-12-09,COMPLETED,TIME_EXIT,1,False,0,25,24650.0,24650.0,845.25,33.81,150.0,102.01330014649999,593.2366998535,23.72946799414,0.0029661834992675,0.002372946799414,6
2024-12-10,COMPLETED,TIME_EXIT,1,False,0,25,24650.0,24650.0,742.5,29.7,150.0,96.851553445,495.648446555,19.8259378622,0.002478242232775,0.00198259378622,6
2024-12-11,COMPLETED,TIME_EXIT,1,False,0,25,24650.0,24650.0,846.0,33.84,150.0,92.90838319899999,603.091616801,24.12366467204,0.003015458084005,0.002412366467204,6
2024-12-12,COMPLETED,TIME_EXIT,3,False,0,25,24650.0,24650.0,1251.0,50.04,250.0,148.67989136900002,852.320108631,34.092804345240005,0.004261600543155,0.0034092804345240003,10
2024-12-13,COMPLETED,STOP_LOSS,1,True,0,25,24400.0,27000.0,-3470.0,-138.8,150.0,304.1422500499999,-3924.14225005,-156.965690002,-0.01962071125025,-0.0156965690002,6
2024-12-16,COMPLETED,TIME_EXIT,1,False,0,25,24700.0,27000.0,-348.75,-13.95,150.0,286.1885054675,-784.9385054675,-31.3975402187,-0.0039246925273375005,-0.00313975402187,6
2024-12-17,COMPLETED,STOP_LOSS,1,True,0,25,24600.0,27000.0,-2641.5,-105.66,150.0,292.138346842,-3083.638346842,-123.34553387368,-0.01541819173421,-0.012334553387368,6
2024-12-18,COMPLETED,STOP_LOSS,1,True,0,25,24300.0,27000.0,-2682.5,-107.3,150.0,304.783770485,-3137.283770485,-125.4913508194,-0.015686418852425,-0.01254913508194,6
2024-12-19,COMPLETED,TIME_EXIT,343,False,0,25,23900.0,27000.0,417.5,16.7,17250.0,31648.31075108498,-48480.81075108498,-1939.2324300433993,-0.2424040537554249,-0.1939232430043399,690
2024-12-27,COMPLETED,TIME_EXIT,0,False,0,75,23850.0,23850.0,4305.75,57.41,300.0,101.42349343449999,3904.3265065655,52.057686754206664,0.0195216325328275,0.015617306026262,4
2024-12-30,COMPLETED,STOP_LOSS,2,True,0,75,23750.0,23750.0,-7664.25,-102.19,600.0,223.1853478145,-8487.4353478145,-113.16580463752668,-0.042437176739072505,-0.033949741391258004,8
2024-12-31,COMPLETED,STOP_LOSS,2,True,0,75,23550.0,23550.0,-7548.75,-100.65,600.0,229.18090349750003,-8377.9309034975,-111.70574537996666,-0.041889654517487496,-0.03351172361399,8
2025-01-01,COMPLETED,TIME_EXIT,1,False,0,75,23600.0,23600.0,-5118.75,-68.25,450.0,158.10778502250002,-5726.8577850225,-76.3581038003,-0.0286342889251125,-0.02290743114009,6
2025-01-02,COMPLETED,STOP_LOSS,2,True,0,75,23800.0,23800.0,-8411.25,-112.15,600.0,223.41658568749997,-9234.6665856875,-123.12888780916667,-0.046173332928437505,-0.036938666342750004,8
2025-01-03,COMPLETED,TIME_EXIT,1,False,0,75,24100.0,24100.0,3468.0,46.24,450.0,165.400683927,2852.599316073,38.03465754764,0.014262996580364999,0.011410397264292,6
2025-01-06,COMPLETED,STOP_LOSS,3,True,0,75,24050.0,24050.0,-5703.0,-76.04,750.0,330.62861481699997,-6783.628614817,-90.44838153089334,-0.033918143074085,-0.027134514459268,10
2025-01-07,COMPLETED,TIME_EXIT,1,False,0,75,23800.0,23800.0,4976.25,66.35,450.0,161.64140040149996,4364.6085995985,58.19478132798,0.021823042997992502,0.017458434398394,6
2025-01-08,COMPLETED,TIME_EXIT,3,False,0,75,23650.0,23650.0,-780.0,-10.4,750.0,277.18208522500004,-1807.182085225,-24.095761136333333,-0.009035910426125001,-0.0072287283409,10
2025-01-09,COMPLETED,TIME_EXIT,2,False,0,75,23600.0,23600.0,5298.75,70.65,600.0,170.74071140750002,4528.0092885925,60.37345718123333,0.022640046442962497,0.018112037154369997,8
2025-01-10,COMPLETED,TIME_EXIT,0,False,0,75,23450.0,23450.0,3528.75,47.05,300.0,107.7228408925,3121.0271591075,41.61369545476667,0.015605135795537501,0.012484108636430001,4
2025-01-13,COMPLETED,TIME_EXIT,2,False,0,75,23250.0,23250.0,3420.0,45.6,600.0,232.56790674500002,2587.432093255,34.499094576733334,0.012937160466275,0.01034972837302,8
2025-01-14,COMPLETED,TIME_EXIT,0,False,0,75,23150.0,23150.0,3222.0,42.96,300.0,94.32762012700002,2827.672379873,37.70229839830667,0.014138361899365,0.011310689519492,4
2025-01-15,COMPLETED,TIME_EXIT,1,False,0,75,23200.0,23200.0,1987.5,26.5,450.0,134.063080305,1403.436919695,18.712492262599998,0.007017184598475,0.00561374767878,6
2025-01-16,COMPLETED,TIME_EXIT,2,False,0,75,23350.0,23350.0,191.25,2.55,600.0,167.3445100025,-576.0945100025,-7.681260133366666,-0.0028804725500124998,-0.00230437804001,8
2025-01-17,COMPLETED,TIME_EXIT,1,False,0,75,23250.0,23250.0,402.0,5.36,450.0,166.81819649700003,-214.81819649700003,-2.8642426199600006,-0.0010740909824850002,-0.0008592727859880002,6
2025-01-20,COMPLETED,TIME_EXIT,0,False,0,75,23200.0,23200.0,907.5,12.1,300.0,105.199222375,502.300777625,6.697343701666667,0.002511503888125,0.0020092031105,4
2025-01-21,COMPLETED,TIME_EXIT,2,False,0,75,23350.0,23350.0,1751.25,23.35,600.0,227.96654741749995,923.2834525825001,12.310446034433335,0.0046164172629125,0.0036931338103300005,8
2025-01-22,COMPLETED,TIME_EXIT,1,False,0,75,23100.0,23100.0,2602.5,34.7,450.0,148.60333795499997,2003.896662045,26.718622160600003,0.010019483310225001,0.008015586648180001,6
2025-01-23,COMPLETED,TIME_EXIT,2,False,0,75,23100.0,23100.0,-1526.25,-20.35,600.0,190.26686893250002,-2316.5168689325,-30.88689158576667,-0.0115825843446625,-0.00926606747573,8
2025-01-24,COMPLETED,TIME_EXIT,1,False,0,75,23250.0,23250.0,4270.5,56.94,450.0,189.040108497,3631.459891503,48.41946522004,0.018157299457515,0.014525839566012,6
2025-01-27,COMPLETED,TIME_EXIT,1,False,0,75,23000.0,23000.0,2778.75,37.05,450.0,185.25142638750003,2143.4985736125,28.5799809815,0.0107174928680625,0.00857399429445,6
2025-01-28,COMPLETED,TIME_EXIT,2,False,0,75,22900.0,22900.0,-3509.25,-46.79,600.0,270.06627603949994,-4379.3162760395,-58.39088368052666,-0.0218965813801975,-0.017517265104158,8
2025-01-29,COMPLETED,TIME_EXIT,1,False,0,75,23050.0,23050.0,-2760.0,-36.8,450.0,183.91566547500003,-3393.915665475,-45.252208873,-0.016969578327375,-0.0135756626619,6
2025-01-30,COMPLETED,TIME_EXIT,1,False,0,75,23200.0,23200.0,4616.25,61.55,450.0,175.8154225275,3990.4345774724998,53.2057943663,0.0199521728873625,0.01596173830989,6
2025-01-31,COMPLETED,TIME_EXIT,1,False,0,75,23300.0,23300.0,5137.5,68.5,450.0,225.79239234000002,4461.70760766,59.489434768799995,0.022308538038299998,0.01784683043064,6
2025-02-01,COMPLETED,TIME_EXIT,1,False,0,75,23550.0,23550.0,10601.25,141.35,450.0,188.0070071475,9963.2429928525,132.8432399047,0.0498162149642625,0.03985297197141,6
2025-02-03,COMPLETED,TIME_EXIT,1,False,0,75,23300.0,23300.0,-817.5,-10.9,450.0,155.9177886,-1423.4177886,-18.978903848,-0.007117088943,-0.0056936711544,6
2025-02-04,COMPLETED,STOP_LOSS,2,True,0,75,23500.0,23500.0,-7462.5,-99.5,600.0,231.83610348499997,-8294.336103485,-110.59114804646667,-0.041471680517425,-0.033177344413940005,8
2025-02-05,COMPLETED,TIME_EXIT,1,False,0,75,23750.0,23750.0,3513.75,46.85,450.0,137.94286191749998,2925.8071380825,39.0107618411,0.0146290356904125,0.011703228552329999,6
2025-02-06,COMPLETED,TIME_EXIT,2,False,0,75,23650.0,23650.0,4713.75,62.85,600.0,180.09663377750002,3933.6533662225,52.44871154963334,0.019668266831112502,0.01573461346489,8
2025-02-07,COMPLETED,TIME_EXIT,1,False,0,75,23600.0,23600.0,4578.0,61.04,450.0,167.25799586700003,3960.742004133,52.80989338844,0.019803710020665,0.015842968016532,6
2025-02-10,COMPLETED,TIME_EXIT,1,False,0,75,23450.0,23450.0,765.0,10.2,450.0,159.498618855,155.501381145,2.0733517486,0.0007775069057250001,0.00062200552458,6
2025-02-11,COMPLETED,TIME_EXIT,3,False,0,75,23300.0,23300.0,2406.75,32.09,750.0,290.5485045745,1366.2014954255,18.216019939006667,0.006831007477127501,0.005464805981702001,10
2025-02-12,COMPLETED,TIME_EXIT,2,False,0,75,22950.0,22950.0,-1189.5,-15.86,600.0,207.67421689699998,-1997.174216897,-26.628989558626667,-0.009985871084485,-0.007988696867588,8
2025-02-13,COMPLETED,TIME_EXIT,3,False,0,75,23100.0,23100.0,1916.25,25.55,750.0,273.8418287875,892.4081712125001,11.898775616166667,0.0044620408560625,0.00356963268485,10
2025-02-14,COMPLETED,TIME_EXIT,1,False,0,75,23000.0,23000.0,685.5,9.14,450.0,166.541764452,68.958235548,0.9194431406400001,0.00034479117774,0.00027583294219200004,6
2025-02-17,COMPLETED,TIME_EXIT,1,False,0,75,22800.0,22800.0,-690.0,-9.2,450.0,168.95877285,-1308.95877285,-17.452783638,-0.006544793864250001,-0.0052358350914,6
2025-02-18,COMPLETED,TIME_EXIT,2,False,0,75,22900.0,22900.0,456.75,6.09,600.0,233.57852741449997,-376.82852741449994,-5.024380365526666,-0.0018841426370724997,-0.0015073141096579997,8
2025-02-19,COMPLETED,TIME_EXIT,2,False,0,75,22900.0,22900.0,-1503.75,-20.05,600.0,207.03140437250005,-2310.7814043725,-30.81041872496667,-0.011553907021862502,-0.009243125617490001,8
2025-02-20,COMPLETED,TIME_EXIT,1,False,0,75,22850.0,22850.0,198.75,2.65,450.0,127.22863692749999,-378.4786369275,-5.0463818257,-0.0018923931846375002,-0.00151391454771,6
2025-02-21,COMPLETED,TIME_EXIT,1,False,0,75,22900.0,22900.0,924.0,12.32,450.0,159.258621729,314.74137827100003,4.1965517102800005,0.0015737068913550002,0.0012589655130840001,6
2025-02-24,COMPLETED,TIME_EXIT,1,False,0,75,22650.0,22650.0,2692.5,35.9,450.0,145.39869339,2097.10130661,27.961350754799998,0.01048550653305,0.00838840522644,6
2025-02-25,COMPLETED,TIME_EXIT,1,False,0,75,22600.0,22600.0,2787.0,37.16,450.0,128.194187496,2208.805812504,29.450744166720003,0.011044029062520002,0.008835223250016,6
2025-02-27,COMPLETED,TIME_EXIT,1,False,0,75,22550.0,22550.0,2328.75,31.05,450.0,110.3855431875,1768.3644568125,23.578192757500002,0.0088418222840625,0.00707345782725,6
2025-02-28,COMPLETED,TIME_EXIT,1,False,0,75,22300.0,22300.0,783.75,10.45,450.0,150.4959753075,183.2540246925,2.4433869959,0.0009162701234624999,0.00073301609877,6
2025-03-03,COMPLETED,TIME_EXIT,1,False,0,75,22150.0,22150.0,948.75,12.65,450.0,146.6682247725,352.0817752275,4.6944236697,0.0017604088761374998,0.00140832710091,6
2025-03-04,COMPLETED,TIME_EXIT,0,False,0,75,22000.0,22000.0,296.25,3.95,300.0,86.1657892465,-89.9157892465,-1.1988771899533333,-0.00044957894623249997,-0.00035966315698599997,4
2025-03-05,COMPLETED,TIME_EXIT,1,False,0,75,22200.0,22200.0,-2861.25,-38.15,450.0,133.8757969725,-3445.1257969725,-45.935010626300006,-0.0172256289848625,-0.013780503187890002,6
2025-03-06,COMPLETED,STOP_LOSS,4,True,0,75,22300.0,22300.0,-7983.75,-106.45,900.0,303.6384401775,-9187.3884401775,-122.49851253569999,-0.045936942200887496,-0.03674955376071,12
2025-03-07,COMPLETED,TIME_EXIT,0,False,0,75,22550.0,22550.0,1391.25,18.55,300.0,96.0558814165,995.1941185835,13.269254914446666,0.0049759705929174995,0.003980776474334,4
2025-03-10,COMPLETED,TIME_EXIT,1,False,0,75,22600.0,22600.0,2025.0,27.0,450.0,143.20876506,1431.79123494,19.0905497992,0.0071589561747,0.005727164939760001,6
2025-03-11,COMPLETED,TIME_EXIT,0,False,0,75,22350.0,22350.0,-1410.0,-18.8,300.0,89.61576381999998,-1799.61576382,-23.994876850933334,-0.0089980788191,-0.00719846305528,4
2025-03-12,COMPLETED,TIME_EXIT,3,False,0,75,22450.0,22450.0,82.5,1.1,750.0,256.16025044500003,-923.660250445,-12.315470005933333,-0.004618301252225,-0.00369464100178,10
2025-03-13,COMPLETED,TIME_EXIT,3,False,0,75,22500.0,22500.0,71.25,0.95,750.0,249.10045254250005,-927.8504525425001,-12.371339367233334,-0.0046392522627125,-0.00371140181017,10
2025-03-17,COMPLETED,TIME_EXIT,1,False,0,75,22550.0,22550.0,524.25,6.99,450.0,135.9906263595,-61.7406263595,-0.8232083514599999,-0.0003087031317975,-0.000246962505438,6
2025-03-18,COMPLETED,TIME_EXIT,1,False,0,75,22700.0,22700.0,-1545.0,-20.6,450.0,137.66776009499998,-2132.667760095,-28.435570134600002,-0.010663338800475,-0.008530671040380002,6
2025-03-19,COMPLETED,TIME_EXIT,2,False,0,75,22850.0,22850.0,-2200.5,-29.34,600.0,187.125838352,-2987.625838352,-39.83501117802666,-0.01493812919176,-0.011950503353407999,8
2025-03-20,COMPLETED,TIME_EXIT,4,False,0,75,23050.0,23050.0,-4473.75,-59.65,900.0,296.4307813275,-5670.1807813275,-75.6024104177,-0.0283509039066375,-0.02268072312531,12
2025-03-21,COMPLETED,TIME_EXIT,1,False,0,75,23250.0,23250.0,-2748.75,-36.65,450.0,147.02175830250002,-3345.7717583025,-44.6102901107,-0.0167288587915125,-0.01338308703321,6
2025-03-24,COMPLETED,TIME_EXIT,1,False,0,75,23450.0,23450.0,-5088.75,-67.85,450.0,151.00695630149997,-5689.7569563015,-75.86342608402,-0.028448784781507502,-0.022759027825206002,6
2025-03-25,COMPLETED,TIME_EXIT,1,False,0,75,23750.0,23750.0,3810.0,50.8,450.0,145.961728155,3214.038271845,42.8538436246,0.016070191359225,0.01285615308738,6
2025-03-26,COMPLETED,TIME_EXIT,2,False,0,75,23700.0,23700.0,4428.75,59.05,600.0,182.9401046525,3645.8098953475,48.61079860463333,0.0182290494767375,0.01458323958139,8
2025-03-27,COMPLETED,TIME_EXIT,1,False,0,75,23550.0,23550.0,2785.5,37.14,450.0,119.08139740200001,2216.418602598,29.552248034639998,0.01108209301299,0.008865674410391999,6
2025-03-28,COMPLETED,TIME_EXIT,1,False,0,75,23550.0,23550.0,2775.0,37.0,450.0,148.602811395,2176.397188605,29.018629181399998,0.010881985943024999,0.008705588754419999,6
2025-04-01,COMPLETED,TIME_EXIT,3,False,0,75,23500.0,23500.0,2530.5,33.74,750.0,259.363858432,1521.136141568,20.28181522090667,0.00760568070784,0.0060845445662720005,10
2025-04-02,COMPLETED,TIME_EXIT,1,False,0,75,23300.0,23300.0,1530.0,20.4,450.0,132.65553021,947.34446979,12.6312595972,0.00473672234895,0.0037893778791599996,6
2025-04-03,COMPLETED,TIME_EXIT,1,False,0,75,23250.0,23250.0,1068.75,14.25,450.0,120.6558791925,498.0941208075,6.6412549441,0.0024904706040375,0.00199237648323,6
2025-04-04,COMPLETED,TIME_EXIT,2,False,0,75,23100.0,23100.0,4211.25,56.15,600.0,222.78934187750002,3388.4606581225,45.17947544163333,0.016942303290612498,0.01355384263249,8
2025-04-07,COMPLETED,STOP_LOSS,1,True,0,75,22150.0,22150.0,-7751.25,-103.35,450.0,224.1471917475,-8425.3971917475,-112.33862922329999,-0.0421269859587375,-0.03370158876699,6
2025-04-08,COMPLETED,STOP_LOSS,3,True,0,75,22500.0,22500.0,-7020.75,-93.61,750.0,370.98466725850005,-8141.7346672585,-108.55646223011333,-0.0407086733362925,-0.032566938669034,10
2025-04-09,COMPLETED,TIME_EXIT,1,False,0,75,22400.0,22400.0,1863.75,24.85,450.0,166.2369479025,1247.5130520975,16.633507361299998,0.006237565260487499,0.00499005220839,6
2025-04-11,COMPLETED,TIME_EXIT,0,False,0,75,22800.0,22800.0,-1908.75,-25.45,300.0,125.4299397415,-2334.1799397414998,-31.12239919655333,-0.011670899698707498,-0.009336719758966,4
2025-04-15,COMPLETED,TIME_EXIT,0,False,0,75,23250.0,23250.0,4665.0,62.2,300.0,95.91566970999999,4269.08433029,56.92112440386667,0.02134542165145,0.017076337321160002,4
2025-04-16,COMPLETED,TIME_EXIT,1,False,0,75,23350.0,23350.0,-3476.25,-46.35,450.0,130.47655826250002,-4056.7265582625,-54.0896874435,-0.0202836327913125,-0.01622690623305,6
2025-04-17,COMPLETED,STOP_LOSS,2,True,0,75,23300.0,23300.0,-8096.25,-107.95,600.0,191.50736033750002,-8887.7573603375,-118.50343147116668,-0.0444387868016875,-0.03555102944135,8
2025-04-21,COMPLETED,TIME_EXIT,0,False,0,75,24000.0,24000.0,3277.5,43.7,300.0,102.3847708,2875.1152292,38.33486972266667,0.014375576146000001,0.011500460916800001,4
2025-04-22,COMPLETED,TIME_EXIT,1,False,0,75,24150.0,24150.0,566.25,7.55,450.0,140.00015465250002,-23.750154652500015,-0.3166687287000002,-0.00011875077326250008,-9.500061861000006e-05,6
2025-04-23,COMPLETED,TIME_EXIT,3,False,0,75,24300.0,24300.0,-1301.25,-17.35,750.0,269.6714804275,-2320.9214804275,-30.94561973903333,-0.011604607402137498,-0.00928368592171,10
2025-04-24,COMPLETED,TIME_EXIT,1,False,0,75,24300.0,24300.0,930.0,12.4,450.0,126.09244524,353.90755476,4.7187673968,0.0017695377737999998,0.0014156302190399999,6
2025-04-25,COMPLETED,STOP_LOSS,4,True,0,75,24300.0,24300.0,-6690.0,-89.2,900.0,483.20624808,-8073.20624808,-107.64274997439999,-0.040366031240399995,-0.03229282499232,12
2025-04-28,COMPLETED,TIME_EXIT,2,False,0,75,24200.0,24200.0,-2880.0,-38.4,600.0,241.10243400500002,-3721.102434005,-49.61469912006667,-0.018605512170025,-0.01488440973602,8
2025-04-29,COMPLETED,TIME_EXIT,2,False,0,75,24450.0,24450.0,3419.25,45.59,600.0,207.3802809695,2611.8697190305,34.824929587073335,0.0130593485951525,0.010447478876122001,8
2025-04-30,COMPLETED,TIME_EXIT,1,False,0,75,24350.0,24350.0,-1593.0,-21.24,450.0,139.597666287,-2182.597666287,-29.101302217159997,-0.010912988331435,-0.008730390665147999,6
2025-05-02,COMPLETED,TIME_EXIT,2,False,0,75,24500.0,24500.0,729.75,9.73,600.0,264.8286121415,-135.0786121415,-1.8010481618866667,-0.0006753930607075,-0.0005403144485660001,8
2025-05-05,COMPLETED,TIME_EXIT,0,False,0,75,24400.0,24400.0,4173.75,55.65,300.0,101.42682468250001,3772.3231753175,50.297642337566664,0.0188616158765875,0.01508929270127,4
2025-05-06,COMPLETED,TIME_EXIT,1,False,0,75,24450.0,24450.0,3506.25,46.75,450.0,144.2253408975,2912.0246591025,38.826995454700004,0.014560123295512501,0.01164809863641,6
2025-05-07,COMPLETED,TIME_EXIT,2,False,0,75,24450.0,24450.0,2970.75,39.61,600.0,204.13756491350003,2166.6124350864998,28.88816580115333,0.0108330621754325,0.008666449740346,8
2025-05-08,COMPLETED,TIME_EXIT,2,False,0,75,24400.0,24400.0,-4278.75,-57.05,600.0,208.4006265575,-5087.1506265575,-67.82867502076667,-0.025435753132787498,-0.02034860250623,8
2025-05-09,COMPLETED,TIME_EXIT,1,False,0,75,24050.0,24050.0,3896.25,51.95,450.0,210.73442291250004,3235.5155770875,43.1402076945,0.0161775778854375,0.012942062308349999,6
2025-05-12,COMPLETED,STOP_LOSS,0,True,0,75,24600.0,24600.0,-8215.5,-109.54,300.0,101.549106727,-8617.049106727,-114.89398808969332,-0.043085245533635,-0.034468196426908,4
2025-05-13,COMPLETED,TIME_EXIT,1,False,0,75,24750.0,24750.0,3907.5,52.1,450.0,175.066869714,3282.433130286,43.765775070480004,0.01641216565143,0.013129732521144,6
2025-05-14,COMPLETED,TIME_EXIT,1,False,0,75,24650.0,24650.0,4485.0,59.8,450.0,153.206637585,3881.793362415,51.7572448322,0.019408966812075,0.01552717344966,6
2025-05-15,COMPLETED,STOP_LOSS,2,True,0,75,24600.0,24600.0,-9063.75,-120.85,600.0,211.56622196749998,-9875.3162219675,-131.67088295956665,-0.049376581109837496,-0.03950126488787,8
2025-05-16,COMPLETED,TIME_EXIT,0,False,0,75,25000.0,25000.0,1710.0,22.8,300.0,110.12762836,1299.87237164,17.331631621866666,0.0064993618582,0.00519948948656,4
2025-05-19,COMPLETED,TIME_EXIT,1,False,0,75,25050.0,25050.0,2242.5,29.9,450.0,168.409608195,1624.090391805,21.654538557400002,0.008120451959025,0.00649636156722,6
2025-05-20,COMPLETED,TIME_EXIT,2,False,0,75,24950.0,24950.0,3904.5,52.06,600.0,216.529143947,3087.970856053,41.17294474737333,0.015439854280265,0.012351883424212,8
2025-05-21,COMPLETED,TIME_EXIT,1,False,0,75,24750.0,24750.0,-1556.25,-20.75,450.0,148.3016963025,-2154.5516963025,-28.7273559507,-0.0107727584815125,-0.008618206785210001,6
2025-05-22,COMPLETED,TIME_EXIT,3,False,0,75,24550.0,24550.0,1290.75,17.21,750.0,254.98459561450005,285.76540438549995,3.810205391806666,0.0014288270219274997,0.0011430616175419999,10
2025-05-23,COMPLETED,TIME_EXIT,0,False,0,75,24750.0,24750.0,-2719.5,-36.26,300.0,113.587715407,-3133.087715407,-41.77450287209333,-0.015665438577035,-0.012532350861628,4
2025-05-26,COMPLETED,TIME_EXIT,1,False,0,75,25050.0,25050.0,-1957.5,-26.1,450.0,187.80573972,-2595.30573972,-34.6040765296,-0.0129765286986,-0.01038122295888,6
2025-05-27,COMPLETED,TIME_EXIT,2,False,0,75,24800.0,24800.0,-2171.25,-28.95,600.0,298.2211750925,-3069.4711750925,-40.926282334566665,-0.0153473558754625,-0.01227788470037,8
2025-05-28,COMPLETED,TIME_EXIT,1,False,0,75,24750.0,24750.0,8730.0,116.4,450.0,170.391430365,8109.608569635,108.12811426180001,0.040548042848175,0.03243843427854,6
2025-05-29,COMPLETED,TIME_EXIT,2,False,0,75,24800.0,24800.0,2381.25,31.75,600.0,193.64233073750003,1587.6076692625,21.168102256833333,0.0079380383463125,0.00635043067705,8
2025-05-30,COMPLETED,TIME_EXIT,0,False,0,75,24850.0,24850.0,546.75,7.29,300.0,117.06259262949999,129.6874073705,1.729165431606667,0.0006484370368525001,0.000518749629482,4
2025-06-02,COMPLETED,TIME_EXIT,0,False,0,75,24550.0,24550.0,-4455.0,-59.4,300.0,117.036833665,-4872.036833665,-64.96049111553333,-0.024360184168325,-0.01948814733466,4
2025-06-03,COMPLETED,TIME_EXIT,1,False,0,75,24650.0,24650.0,6828.75,91.05,450.0,189.4747494975,6189.2752505025,82.5236700067,0.0309463762525125,0.02475710100201,6
2025-06-04,COMPLETED,TIME_EXIT,1,False,0,75,24550.0,24550.0,1481.25,19.75,450.0,143.83955507250002,887.4104449275,11.832139265699999,0.0044370522246375,0.0035496417797099998,6
2025-06-05,COMPLETED,TIME_EXIT,3,False,0,75,24750.0,24750.0,-1455.0,-19.4,750.0,270.69487733500006,-2475.694877335,-33.00926503113333,-0.012378474386675,-0.00990277950934,10
2025-06-06,COMPLETED,STOP_LOSS,1,True,0,75,24700.0,24700.0,-7293.75,-97.25,450.0,176.6128349625,-7920.3628349625,-105.60483779949999,-0.0396018141748125,-0.03168145133985,6
2025-06-09,COMPLETED,TIME_EXIT,0,False,0,75,25100.0,25100.0,2647.5,35.3,300.0,100.17093544,2247.32906456,29.964387527466666,0.0112366453228,0.00898931625824,4
2025-06-10,COMPLETED,TIME_EXIT,1,False,0,75,25100.0,25100.0,4428.75,59.05,450.0,139.7897879175,3838.9602120825,51.1861361611,0.019194801060412502,0.01535584084833,6
2025-06-11,COMPLETED,TIME_EXIT,2,False,0,75,25150.0,25150.0,-1380.0,-18.4,600.0,197.237795225,-2177.237795225,-29.029837269666665,-0.010886188976125,-0.0087089511809,8
2025-06-12,COMPLETED,TIME_EXIT,4,False,0,75,25200.0,25200.0,4320.0,57.6,900.0,314.47118502,3105.52881498,41.4070508664,0.0155276440749,0.01242211525992,12
2025-06-13,COMPLETED,TIME_EXIT,0,False,0,75,24600.0,24600.0,1091.25,14.55,300.0,111.69723331750001,679.5527666825,9.060703555766667,0.0033977638334125,0.00271821106673,4
2025-06-16,COMPLETED,TIME_EXIT,1,False,0,75,24750.0,24750.0,-3978.75,-53.05,450.0,164.73632885249998,-4593.4863288525,-61.246484384700004,-0.0229674316442625,-0.01837394531541,6
2025-06-17,COMPLETED,TIME_EXIT,1,False,0,75,24900.0,24900.0,3022.5,40.3,450.0,145.046593275,2427.453406725,32.366045423,0.012137267033625,0.0097098136269,6
2025-06-18,COMPLETED,TIME_EXIT,2,False,0,75,24900.0,24900.0,2355.0,31.4,600.0,197.43564657500002,1557.564353425,20.767524712333334,0.007787821767125,0.0062302574137,8
2025-06-19,COMPLETED,TIME_EXIT,1,False,0,75,24850.0,24850.0,1042.5,13.9,450.0,127.32565457999999,465.17434542,6.2023246056,0.0023258717271,0.00186069738168,6
2025-06-20,COMPLETED,TIME_EXIT,1,False,0,75,24850.0,24850.0,-6930.0,-92.4,450.0,174.33023158499998,-7554.330231585,-100.7244030878,-0.037771651157924996,-0.03021732092634,6
2025-06-23,COMPLETED,TIME_EXIT,0,False,0,75,24850.0,24850.0,-1027.5,-13.7,300.0,101.959579735,-1429.459579735,-19.059461063133334,-0.007147297898675,-0.0057178383189400005,4
2025-06-24,COMPLETED,TIME_EXIT,3,False,0,75,25200.0,25200.0,-3603.75,-48.05,750.0,310.9158966175,-4664.6658966175,-62.19554528823333,-0.0233233294830875,-0.01865866358647,10
2025-06-25,COMPLETED,TIME_EXIT,1,False,0,75,25200.0,25200.0,-937.5,-12.5,450.0,140.73362082,-1528.23362082,-20.376448277599998,-0.0076411681041,-0.00611293448328,6
2025-06-26,COMPLETED,TIME_EXIT,2,False,0,75,25350.0,25350.0,-5700.0,-76.0,600.0,198.46104734000002,-6498.46104734,-86.64614729786666,-0.0324923052367,-0.02599384418936,8
2025-06-27,COMPLETED,TIME_EXIT,0,False,0,75,25550.0,25550.0,2947.5,39.3,300.0,102.41414618499999,2545.085853815,33.934478050866666,0.012725429269075,0.01018034341526,4
2025-06-30,COMPLETED,TIME_EXIT,1,False,0,75,25600.0,25600.0,1391.25,18.55,450.0,149.7663125775,791.4836874225,10.5531158323,0.0039574184371125,0.00316593474969,6
2025-07-01,COMPLETED,TIME_EXIT,1,False,0,75,25600.0,25600.0,3123.75,41.65,450.0,138.77099639249997,2534.9790036075,33.7997200481,0.0126748950180375,0.010139916014430001,6
2025-07-02,COMPLETED,TIME_EXIT,2,False,0,75,25550.0,25550.0,2996.25,39.95,600.0,177.1378725125,2219.1121274875,29.588161699833332,0.0110955606374375,0.00887644850995,8
2025-07-03,COMPLETED,TIME_EXIT,3,False,0,75,25450.0,25450.0,168.75,2.25,750.0,241.5075828475,-822.7575828475,-10.970101104633333,-0.0041137879142375,-0.00329103033139,10
2025-07-04,COMPLETED,TIME_EXIT,0,False,0,75,25400.0,25400.0,1087.5,14.5,300.0,96.46771834,691.03228166,9.213763755466665,0.0034551614082999997,0.00276412912664,4
2025-07-07,COMPLETED,TIME_EXIT,1,False,0,75,25500.0,25500.0,573.75,7.65,450.0,143.8694731575,-20.11947315750001,-0.26825964210000014,-0.00010059736578750005,-8.047789263000005e-05,6
2025-07-08,COMPLETED,TIME_EXIT,0,False,0,75,25450.0,25450.0,502.5,6.7,300.0,85.75156565500001,116.74843434499999,1.5566457912666665,0.0005837421717249999,0.00046699373737999996,4
2025-07-09,COMPLETED,TIME_EXIT,1,False,0,75,25500.0,25500.0,431.25,5.75,450.0000000000011,119.5398798675,-138.2898798675011,-1.8438650649000146,-0.0006914493993375055,-0.0005531595194700043,6
2025-07-10,COMPLETED,TIME_EXIT,2,False,0,75,25450.0,25450.0,3907.5,52.1,600.0,165.80388399499998,3141.696116005,41.889281546733336,0.015708480580025,0.01256678446402,8
2025-07-11,COMPLETED,TIME_EXIT,1,False,0,75,25300.0,25300.0,1473.75,19.65,450.0,145.0496431875,878.7003568125,11.7160047575,0.0043935017840625,0.00351480142725,6
2025-07-14,COMPLETED,TIME_EXIT,0,False,0,75,25050.0,25050.0,438.75,5.85,300.0,87.62542438749999,51.12457561250001,0.6816610081666667,0.00025562287806250004,0.00020449830245000003,4
2025-07-15,COMPLETED,TIME_EXIT,2,False,0,75,25150.0,25150.0,-930.0,-12.4,600.0,189.47913179,-1719.4791317899999,-22.926388423866666,-0.00859739565895,-0.006877916527159999,8
2025-07-16,COMPLETED,TIME_EXIT,2,False,0,75,25150.0,25150.0,-1113.75,-14.85,600.0,169.86867475249997,-1883.6186747525,-25.114915663366666,-0.0094180933737625,-0.00753447469901,8
2025-07-17,COMPLETED,TIME_EXIT,2,False,0,75,25200.0,25200.0,4395.0,58.6,600.0,152.73143426000001,3642.2685657399998,48.56358087653333,0.0182113428287,0.014569074262959999,8
2025-07-18,COMPLETED,TIME_EXIT,1,False,0,75,25100.0,25100.0,-131.25,-1.75,450.0,142.99435077750002,-724.2443507775,-9.6565913437,-0.0036212217538875,-0.00289697740311,6
2025-07-21,COMPLETED,TIME_EXIT,1,False,0,75,24900.0,24900.0,-2235.0,-29.8,450.0,139.999096995,-2824.999096995,-37.6666546266,-0.014124995484974999,-0.01129999638798,6
2025-07-22,COMPLETED,TIME_EXIT,1,False,0,75,25100.0,25100.0,2092.5,27.9,450.0,121.233079125,1521.266920875,20.283558945000003,0.007606334604375001,0.0060850676835,6
2025-07-23,COMPLETED,TIME_EXIT,2,False,0,75,25100.0,25100.0,-2475.0,-33.0,600.0,166.32850107500002,-3241.328501075,-43.21771334766667,-0.016206642505375,-0.0129653140043,8
2025-07-24,COMPLETED,TIME_EXIT,4,False,0,75,25200.0,25200.0,3431.25,45.75,900.0,247.6395280725,2283.6104719275,30.448139625699998,0.0114180523596375,0.00913444188771,12
2025-07-25,COMPLETED,TIME_EXIT,1,False,0,75,24950.0,24950.0,1387.5,18.5,450.0,143.40471191999998,794.09528808,10.5879371744,0.0039704764404,0.00317638115232,6
2025-07-28,COMPLETED,TIME_EXIT,2,False,0,75,24850.0,24850.0,195.0,2.6,600.0,201.19383875,-606.1938387499999,-8.082584516666666,-0.0030309691937499997,-0.0024247753549999996,8
2025-07-29,COMPLETED,TIME_EXIT,2,False,0,75,24700.0,24700.0,-1233.75,-16.45,600.0,193.1939861675,-2026.9439861675,-27.025919815566667,-0.0101347199308375,-0.00810777594467,8
2025-07-30,COMPLETED,TIME_EXIT,1,False,0,75,24850.0,24850.0,-52.5,-0.7,450.0,123.770789175,-626.270789175,-8.350277189,-0.003131353945875,-0.0025050831567,6
2025-07-31,COMPLETED,TIME_EXIT,4,False,0,75,24700.0,24700.0,-3108.75,-41.45,900.0,297.9487284375,-4306.6987284375,-57.4226497125,-0.0215334936421875,-0.01722679491375,12
2025-08-01,COMPLETED,TIME_EXIT,1,False,0,75,24700.0,24700.0,423.75,5.65,450.0,152.9172046575,-179.1672046575,-2.3888960621,-0.0008958360232875001,-0.00071666881863,6
2025-08-04,COMPLETED,TIME_EXIT,2,False,0,75,24650.0,24650.0,-52.5,-0.7,600.0,218.07999137,-870.57999137,-11.607733218266667,-0.00435289995685,-0.00348231996548,8
2025-08-05,COMPLETED,TIME_EXIT,1,False,0,75,24700.0,24700.0,2328.75,31.05,450.0,134.3653937775,1744.3846062225,23.2584614163,0.0087219230311125,0.00697753842489,6
2025-08-06,COMPLETED,TIME_EXIT,1,False,0,75,24650.0,24650.0,2658.75,35.45,450.0,128.57608353749998,2080.1739164625,27.7356522195,0.0104008695823125,0.00832069566585,6
2025-08-07,COMPLETED,TIME_EXIT,4,False,0,75,24500.0,24500.0,1286.25,17.15,900.0,277.5386826225,108.7113173775,1.4494842316999998,0.0005435565868875,0.00043484526951,12
2025-08-08,COMPLETED,TIME_EXIT,1,False,0,75,24500.0,24500.0,611.25,8.15,450.0,145.7328042225,15.517195777500007,0.20689594370000008,7.758597888750004e-05,6.206878311000003e-05,6
2025-08-11,COMPLETED,TIME_EXIT,1,False,0,75,24400.0,24400.0,-843.75,-11.25,450.0,142.1787326925,-1435.9287326925,-19.1457164359,-0.0071796436634625005,-0.00574371493077,6
2025-08-12,COMPLETED,TIME_EXIT,2,False,0,75,24650.0,24650.0,2696.25,35.95,600.0,187.01087065250002,1909.2391293475,25.456521724633333,0.0095461956467375,0.00763695651739,8
2025-08-13,COMPLETED,TIME_EXIT,0,False,0,75,24550.0,24550.0,1065.0,14.2,300.0,77.535314605,687.4646853950001,9.166195805266668,0.0034373234269750004,0.00274985874158,4
2025-08-14,COMPLETED,TIME_EXIT,1,False,0,75,24600.0,24600.0,1158.75,15.45,450.0,114.27309761250001,594.4769023875,7.9263586985,0.0029723845119375,0.00237790760955,6
2025-08-18,COMPLETED,TIME_EXIT,1,False,0,75,25000.0,25000.0,2891.25,38.55,450.0,136.39916078250002,2304.8508392175,30.7313445229,0.0115242541960875,0.00921940335687,6
2025-08-19,COMPLETED,TIME_EXIT,0,False,0,75,24900.0,24900.0,1113.75,14.85,300.0,81.25976911750001,732.4902308825,9.766536411766667,0.0036624511544125,0.00292996092353,4
2025-08-20,COMPLETED,TIME_EXIT,2,False,0,75,24950.0,24950.0,-2538.75,-33.85,600.0,174.74805922250002,-3313.4980592225,-44.17997412296667,-0.0165674902961125,-0.01325399223689,8
2025-08-21,COMPLETED,TIME_EXIT,1,False,0,75,25050.0,25050.0,1995.0,26.6,450.0,104.558452275,1440.441547725,19.205887303,0.007202207738625,0.0057617661908999996,6
2025-08-22,COMPLETED,TIME_EXIT,0,False,0,75,24950.0,24950.0,1230.0,16.4,300.0,84.925756315,845.074243685,11.267656582466667,0.004225371218425001,0.00338029697474,4
2025-08-25,COMPLETED,TIME_EXIT,0,False,0,75,24950.0,24950.0,1826.25,24.35,300.0,77.5361937175,1448.7138062825,19.316184083766665,0.007243569031412499,0.0057948552251299995,4
2025-08-26,COMPLETED,TIME_EXIT,2,False,0,75,24800.0,24800.0,1717.5,22.9,600.0,157.84524683,959.65475317,12.795396708933334,0.00479827376585,0.00383861901268,8
2025-08-28,COMPLETED,TIME_EXIT,3,False,0,75,24500.0,24500.0,3071.25,40.95,750.0,211.43560266249997,2109.8143973375,28.130858631166667,0.0105490719866875,0.00843925758935,10
2025-08-29,COMPLETED,TIME_EXIT,1,False,0,75,24500.0,24500.0,4012.5,53.5,450.0,132.75105341999998,3429.74894658,45.7299859544,0.017148744732899998,0.01371899578632,6
2025-09-01,COMPLETED,TIME_EXIT,2,False,0,75,24550.0,24550.0,-847.5,-11.3,600.0,168.40873749500003,-1615.908737495,-21.545449833266666,-0.008079543687475,-0.00646363494998,8
2025-09-02,COMPLETED,TIME_EXIT,4,False,0,75,24700.0,24700.0,517.5,6.9,900.0,289.76262697500005,-672.2626269750001,-8.963501693000001,-0.0033613131348750004,-0.0026890505079000004,12
2025-09-03,COMPLETED,TIME_EXIT,1,False,0,75,24600.0,24600.0,-1083.75,-14.45,450.0,141.5782455975,-1675.3282455975,-22.337709941299998,-0.0083766412279875,-0.00670131298239,6
2025-09-04,COMPLETED,TIME_EXIT,2,False,0,75,24950.0,24950.0,1860.0,24.8,600.0,188.11016884999998,1071.88983115,14.291864415333333,0.00535944915575,0.0042875593245999995,8
2025-09-05,COMPLETED,TIME_EXIT,3,False,0,75,24800.0,24800.0,-1946.25,-25.95,750.0,233.8028090875,-2930.0528090875,-39.06737078783333,-0.0146502640454375,-0.01172021123635,10
2025-09-08,COMPLETED,TIME_EXIT,3,False,0,75,24800.0,24800.0,-457.5,-6.1,750.0,222.91728618999997,-1430.41728619,-19.07223048253333,-0.00715208643095,-0.0057216691447599995,10
2025-09-09,COMPLETED,TIME_EXIT,1,False,0,75,24850.0,24850.0,798.75,10.65,450.0,109.45406780249999,239.2959321975,3.1906124293,0.0011964796609875,0.00095718372879,6
2025-09-10,COMPLETED,TIME_EXIT,0,False,0,75,25000.0,25000.0,877.5,11.7,300.0,85.77207829000001,491.72792171,6.556372289466666,0.0024586396085499998,0.00196691168684,4
2025-09-11,COMPLETED,TIME_EXIT,0,False,0,75,25000.0,25000.0,750.0,10.0,300.0,82.30759961499999,367.69240038500004,4.902565338466667,0.0018384620019250002,0.0014707696015400001,4
2025-09-12,COMPLETED,TIME_EXIT,0,False,0,75,25050.0,25050.0,-33.75,-0.45,300.0,78.1775598175,-411.92755981749997,-5.492367464233333,-0.0020596377990874997,-0.0016477102392699998,4
2025-09-15,COMPLETED,TIME_EXIT,1,False,0,75,25100.0,25100.0,1275.0,17.0,450.0,113.64544275,711.35455725,9.48472743,0.0035567727862499997,0.0028454182289999997,6
2025-09-16,COMPLETED,TIME_EXIT,2,False,0,75,25150.0,25150.0,-2962.5,-39.5,600.0,161.321350175,-3723.821350175,-49.65095133566667,-0.018619106750875,-0.0148952854007,8
2025-09-17,COMPLETED,TIME_EXIT,0,False,0,75,25300.0,25300.0,-555.0,-7.4,300.0,84.46694510500001,-939.466945105,-12.526225934733334,-0.004697334725525,-0.00375786778042,4
2025-09-18,COMPLETED,TIME_EXIT,0,False,0,75,25400.0,25400.0,1020.0,13.6,300.0,79.46386949500001,640.536130505,8.540481740066665,0.0032026806525249996,0.00256214452202,4
2025-09-19,COMPLETED,TIME_EXIT,1,False,0,75,25350.0,25350.0,-450.0,-6.0,450.0,121.54343272500002,-1021.543432725,-13.620579103,-0.005107717163625,-0.0040861737309,6
2025-09-22,COMPLETED,TIME_EXIT,2,False,0,75,25300.0,25300.0,1830.0,24.4,600.0,155.03738128999998,1074.96261871,14.332834916133333,0.00537481309355,0.00429985047484,8
2025-09-23,COMPLETED,TIME_EXIT,4,False,0,75,25150.0,25150.0,-18.75,-0.25,900.0,256.6091784075,-1175.3591784075,-15.671455712099998,-0.0058767958920375,-0.0047014367136299995,12
2025-09-24,COMPLETED,TIME_EXIT,2,False,0,75,25050.0,25050.0,-367.5,-4.9,600.0,201.30689277500002,-1168.806892775,-15.584091903666668,-0.005844034463875001,-0.0046752275711,8
2025-09-25,COMPLETED,TIME_EXIT,1,False,0,75,25050.0,25050.0,1530.0,20.4,450.0,128.22157305000002,951.77842695,12.690379026,0.00475889213475,0.0038071137078,6
2025-09-26,COMPLETED,TIME_EXIT,2,False,0,75,24800.0,24800.0,885.0,11.8,600.0,178.67115895999999,106.32884104000001,1.4177178805333335,0.0005316442052000001,0.00042531536416000006,8
2025-09-29,COMPLETED,TIME_EXIT,2,False,0,75,24750.0,24750.0,2137.5,28.5,600.0,161.26917837500002,1376.2308216249999,18.34974428833333,0.006881154108124999,0.005504923286499999,8
2025-09-30,COMPLETED,TIME_EXIT,2,False,0,75,24700.0,24700.0,4215.0,56.2,600.0,159.94753521500002,3455.0524647849998,46.06736619713333,0.017275262323924997,0.013820209859139999,8
2025-10-01,COMPLETED,TIME_EXIT,1,False,0,75,24650.0,24650.0,-1140.0,-15.2,450.0,139.40765119499997,-1729.407651195,-23.0587686826,-0.008647038255974999,-0.00691763060478,6
2025-10-03,COMPLETED,TIME_EXIT,1,False,0,75,24750.0,24750.0,-1121.25,-14.95,450.0,125.5851839625,-1696.8351839625,-22.6244691195,-0.0084841759198125,-0.00678734073585,6
2025-10-06,COMPLETED,TIME_EXIT,2,False,0,75,24900.0,24900.0,-4605.0,-61.4,600.0,172.914561005,-5377.914561005,-71.70552748006666,-0.026889572805025,-0.02151165824402,8
2025-10-07,COMPLETED,TIME_EXIT,3,False,0,75,25100.0,25100.0,2512.5,33.5,750.0,191.025884185,1571.474115815,20.952988210866668,0.007857370579075,0.00628589646326,10
2025-10-08,COMPLETED,TIME_EXIT,1,False,0,75,25150.0,25150.0,2148.75,28.65,450.0,129.6617269875,1569.0882730125,20.9211769735,0.0078454413650625,0.00627635309205,6
2025-10-09,COMPLETED,TIME_EXIT,0,False,0,75,25100.0,25100.0,318.75,4.25,300.0,80.8671783625,-62.1171783625,-0.8282290448333334,-0.0003105858918125,-0.00024846871345,4
2025-10-10,COMPLETED,TIME_EXIT,1,False,0,75,25250.0,25250.0,-1121.25,-14.95,450.0,122.6105038425,-1693.8605038425,-22.5848067179,-0.0084693025192125,-0.00677544201537,6
2025-10-13,COMPLETED,TIME_EXIT,0,False,0,75,25150.0,25150.0,1335.0,17.8,300.0,77.778516685,957.221483315,12.762953110866667,0.004786107416575,0.00382888593326,4
2025-10-14,COMPLETED,TIME_EXIT,5,False,0,75,25300.0,25300.0,2385.0,31.8,1050.0,333.77658668000004,1001.22341332,13.349645510933334,0.0050061170666,0.00400489365328,14
2025-10-15,COMPLETED,TIME_EXIT,1,False,0,75,25250.0,25250.0,-1125.0,-15.0,450.0,143.38584352499998,-1718.385843525,-22.911811247,-0.008591929217625,-0.006873543374099999,6
2025-10-16,COMPLETED,TIME_EXIT,1,False,0,75,25450.0,25450.0,-3637.5,-48.5,450.0,136.161794745,-4223.661794745,-56.31549059660001,-0.021118308973725002,-0.016894647178980003,6
2025-10-17,COMPLETED,TIME_EXIT,2,False,0,75,25600.0,25600.0,-4365.0,-58.2,600.0,203.058392405,-5168.058392405,-68.90744523206666,-0.025840291962025,-0.02067223356962,8
2025-10-20,COMPLETED,TIME_EXIT,2,False,0,75,25850.0,25850.0,4552.5,60.7,600.0,154.610870795,3797.889129205,50.63852172273333,0.018989445646024998,0.015191556516819998,8
2025-10-23,COMPLETED,TIME_EXIT,1,False,0,75,26100.0,26100.0,3142.5,41.9,450.0,142.972003755,2549.527996245,33.9937066166,0.012747639981225,0.01019811198498,6
2025-10-24,COMPLETED,TIME_EXIT,2,False,0,75,25900.0,25900.0,2313.75,30.85,600.0,192.83084443250004,1520.9191555675,20.278922074233332,0.0076045957778375,0.00608367662227,8
2025-10-27,COMPLETED,TIME_EXIT,0,False,0,75,25900.0,25900.0,-708.75,-9.45,300.0,81.20371570750001,-1089.9537157075001,-14.532716209433335,-0.005449768578537501,-0.00435981486283,4
2025-10-28,COMPLETED,TIME_EXIT,4,False,0,75,26050.0,26050.0,2610.0,34.8,900.0,321.310055235,1388.689944765,18.5158659302,0.006943449723825,0.00555475977906,12
2025-10-29,COMPLETED,TIME_EXIT,0,False,0,75,26000.0,26000.0,791.25,10.55,300.0,98.4042084475,392.84579155250003,5.237943887366667,0.0019642289577625,0.0015713831662100002,4
2025-10-30,COMPLETED,TIME_EXIT,0,False,0,75,25950.0,25950.0,1650.0,22.0,300.0,91.247194675,1258.752805325,16.78337073766667,0.006293764026625,0.0050350112213,4
2025-10-31,COMPLETED,TIME_EXIT,1,False,0,75,25950.0,25950.0,2576.25,34.35,450.0,137.4881744175,1988.7618255825,26.5168243411,0.0099438091279125,0.00795504730233,6
2025-11-03,COMPLETED,TIME_EXIT,1,False,0,75,25650.0,25650.0,-468.75,-6.25,450.0,133.75227630749998,-1052.5022763074999,-14.033363684099998,-0.0052625113815375,-0.00421000910523,6
2025-11-04,COMPLETED,TIME_EXIT,2,False,0,75,25700.0,25700.0,5216.25,69.55,600.0,159.0685771175,4457.1814228825,59.42908563843333,0.022285907114412497,0.01782872569153,8
2025-11-06,COMPLETED,TIME_EXIT,1,False,0,75,25650.0,25650.0,2962.5,39.5,450.0,141.95160833999998,2370.54839166,31.6073118888,0.0118527419583,0.00948219356664,6
2025-11-07,COMPLETED,TIME_EXIT,1,False,0,75,25300.0,25300.0,-1991.25,-26.55,450.0,139.83317766749997,-2581.0831776675,-34.4144423689,-0.012905415888337499,-0.01032433271067,6
2025-11-10,COMPLETED,TIME_EXIT,0,False,0,75,25550.0,25550.0,1755.0,23.4,300.0,79.357304665,1375.642695335,18.341902604466668,0.006878213476675001,0.0055025707813400005,4
2025-11-11,COMPLETED,TIME_EXIT,3,False,0,75,25500.0,25500.0,-4346.25,-57.95,750.0,237.1429237975,-5333.3929237975,-71.11190565063333,-0.026666964618987498,-0.02133357169519,10
2025-11-12,COMPLETED,TIME_EXIT,1,False,0,75,25800.0,25800.0,-495.0,-6.6,450.0,153.60465534000002,-1098.6046553400001,-14.648062071200002,-0.005493023276700001,-0.0043944186213600005,6
2025-11-13,COMPLETED,TIME_EXIT,2,False,0,75,25850.0,25850.0,-2771.25,-36.95,600.0,221.2128941675,-3592.4628941675,-47.899505255566666,-0.0179623144708375,-0.01436985157667,8
2025-11-14,COMPLETED,TIME_EXIT,1,False,0,75,25900.0,25900.0,-337.5,-4.5,450.0,143.220552135,-930.7205521349999,-12.4096073618,-0.004653602760674999,-0.0037228822085399998,6
2025-11-17,COMPLETED,TIME_EXIT,2,False,0,75,25950.0,25950.0,-836.25,-11.15,600.0,189.3807775625,-1625.6307775625,-21.675077034166666,-0.0081281538878125,-0.006502523110250001,8
2025-11-18,COMPLETED,TIME_EXIT,1,False,0,75,25950.0,25950.0,3273.75,43.65,450.0,121.2762958725,2702.4737041275,36.032982721699994,0.013512368520637499,0.010809894816509999,6
2025-11-19,COMPLETED,TIME_EXIT,1,False,0,75,25900.0,25900.0,-2621.25,-34.95,450.0,157.17225149249998,-3228.4222514925,-43.0456300199,-0.0161421112574625,-0.01291368900597,6
2025-11-20,COMPLETED,TIME_EXIT,0,False,0,75,26100.0,26100.0,-1012.5,-13.5,300.0,90.559237105,-1403.059237105,-18.707456494733332,-0.007015296185525,-0.00561223694842,4
2025-11-21,COMPLETED,TIME_EXIT,1,False,0,75,26150.0,26150.0,1586.25,21.15,450.0,135.08570754750002,1001.1642924524999,13.348857232699999,0.0050058214622625,0.004004657169809999,6
2025-11-24,COMPLETED,TIME_EXIT,2,False,0,75,26100.0,26100.0,2797.5,37.3,600.0,180.44061205999998,2017.05938794,26.894125172533336,0.0100852969397,0.00806823755176,8
2025-11-25,COMPLETED,TIME_EXIT,2,False,0,75,26000.0,26000.0,4661.25,62.15,600.0,169.4142394325,3891.8357605675,51.89114347423333,0.019459178802837502,0.01556734304227,8
2025-11-26,COMPLETED,TIME_EXIT,1,False,0,75,26000.0,26000.0,-4410.0,-58.8,450.0,150.92011578,-5010.92011578,-66.81226821039999,-0.0250546005789,-0.02004368046312,6
2025-11-27,COMPLETED,TIME_EXIT,1,False,0,75,26300.0,26300.0,2760.0,36.8,450.0,135.48309030000001,2174.5169097,28.993558796,0.010872584548499998,0.0086980676388,6
2025-11-28,COMPLETED,TIME_EXIT,1,False,0,75,26250.0,26250.0,1770.0,23.6,450.0,129.57274593,1190.42725407,15.872363387599998,0.0059521362703499996,0.004761709016279999,6
2025-12-01,COMPLETED,TIME_EXIT,2,False,0,75,26300.0,26300.0,2696.25,35.95,600.0,161.8734204875,1934.3765795125,25.791687726833334,0.0096718828975625,0.00773750631805,8
2025-12-02,COMPLETED,TIME_EXIT,2,False,0,75,26100.0,26100.0,5958.75,79.45,600.0,156.7206081875,5202.0293918125,69.36039189083333,0.0260101469590625,0.020808117567249998,8
2025-12-03,COMPLETED,TIME_EXIT,0,False,0,75,25950.0,25950.0,1327.5,17.7,300.0,91.14690821500001,936.353091785,12.484707890466666,0.004681765458925,0.00374541236714,4
2025-12-04,COMPLETED,TIME_EXIT,0,False,0,75,26000.0,26000.0,1563.75,20.85,300.0,85.88391325750001,1177.8660867425,15.704881156566667,0.005889330433712501,0.004711464346970001,4
2025-12-05,COMPLETED,TIME_EXIT,1,False,0,75,26050.0,26050.0,-258.75,-3.45,450.0,128.7256094025,-837.4756094025,-11.1663414587,-0.0041873780470125,-0.00334990243761,6
2025-12-08,COMPLETED,TIME_EXIT,3,False,0,75,26150.0,26150.0,1395.0,18.6,750.0,227.08509052000002,417.91490948,5.572198793066667,0.0020895745474,0.00167165963792,10
2025-12-09,COMPLETED,TIME_EXIT,2,False,0,75,25750.0,25750.0,-1110.0,-14.8,600.0,168.12707838499998,-1878.127078385,-25.041694378466666,-0.009390635391925,-0.00751250831354,8
2025-12-10,COMPLETED,TIME_EXIT,1,False,0,75,25900.0,25900.0,408.75,5.45,450.0,142.14074573250002,-183.39074573250002,-2.4452099431000005,-0.0009169537286625001,-0.0007335629829300001,6
2025-12-11,COMPLETED,TIME_EXIT,2,False,0,75,25800.0,25800.0,-1908.75,-25.45,600.0,204.8074261775,-2713.5574261775,-36.18076568236667,-0.0135677871308875,-0.01085422970471,8
2025-12-12,COMPLETED,TIME_EXIT,1,False,0,75,26050.0,26050.0,510.0,6.8,450.0,124.12077498000002,-64.12077498000002,-0.8549436664000003,-0.0003206038749000001,-0.00025648309992000007,6
2025-12-15,COMPLETED,TIME_EXIT,1,False,0,75,25900.0,25900.0,-543.75,-7.25,450.0,122.7292289775,-1116.4792289775,-14.8863897197,-0.0055823961448875,-0.00446591691591,6
2025-12-16,COMPLETED,TIME_EXIT,2,False,0,75,25900.0,25900.0,3742.5,49.9,600.0,149.587622495,2992.912377505,39.90549836673333,0.014964561887525001,0.011971649510020001,8
2025-12-17,COMPLETED,TIME_EXIT,1,False,0,75,25900.0,25900.0,1177.5,15.7,450.0,138.86890476000002,588.6310952399999,7.848414603199999,0.0029431554762,0.00235452438096,6
2025-12-18,COMPLETED,TIME_EXIT,0,False,0,75,25800.0,25800.0,993.75,13.25,300.0,82.52053105750001,611.2294689425,8.149726252566667,0.0030561473447125002,0.00244491787577,4
2025-12-19,COMPLETED,TIME_EXIT,1,False,0,75,25950.0,25950.0,1061.25,14.15,450.0,119.48061060750001,491.7693893925,6.5569251919,0.0024588469469625,0.00196707755757,6
2025-12-22,COMPLETED,TIME_EXIT,1,False,0,75,26150.0,26150.0,506.25,6.75,450.0,111.76070379750003,-55.51070379750003,-0.7401427173000004,-0.00027755351898750016,-0.00022204281519000012,6
2025-12-23,COMPLETED,TIME_EXIT,2,False,0,75,26150.0,26150.0,-558.75,-7.45,599.999999999999,154.7382675275,-1313.4882675274991,-17.513176900366656,-0.0065674413376374955,-0.005253953070109996,8
2025-12-31,COMPLETED,TIME_EXIT,1,False,0,65,26000.0,26000.0,-1448.8500000000004,-22.290000000000006,390.0,122.89146691190001,-1961.7414669119003,-30.180637952490773,-0.009808707334559501,-0.0078469658676476,6
